{
  "project_info": {
    "project_number": "1085738233230",
    "project_id": "education-de37a",
    "storage_bucket": "education-de37a.appspot.com"
  },
  "client": [
    {
      "client_info": {
        "mobilesdk_app_id": "1:1085738233230:android:ee1833000a68b15b0348df",
        "android_client_info": {
          "package_name": "com.example.education"
        }
      },
      "oauth_client": [
        {
          "client_id": "1085738233230-o12qp4nfn75pfllaj7mcv0mnkes0iisf.apps.googleusercontent.com",
          "client_type": 3
        }
      ],
      "api_key": [
        {
          "current_key": "AIzaSyDVFRkMY-rNzzVO6shRjaeHbJtOnpNJ090"
        }
      ],
      "services": {
        "appinvite_service": {
          "other_platform_oauth_client": [
            {
              "client_id": "1085738233230-o12qp4nfn75pfllaj7mcv0mnkes0iisf.apps.googleusercontent.com",
              "client_type": 3
            }
          ]
        }
      }
    }
  ],
  "configuration_version": "1"
}